,NORM,CD,HYP,MI,STTC
TP,938.0,393.0,169.0,413.0,403.0
FN,26.0,105.0,94.0,140.0,120.0
FP,344.0,340.0,210.0,248.0,188.0
TN,855.0,1325.0,1690.0,1362.0,1452.0
SE,0.9730290456431535,0.7891566265060241,0.6425855513307985,0.7468354430379747,0.7705544933078394,0.784432231965158
P+,0.7316692667706708,0.5361527967257844,0.44591029023746703,0.6248108925869894,0.6818950930626058,0.6040876678767034
F1,0.8352626892252895,0.6385052802599512,0.5264797507788163,0.6803953871499177,0.7235188509874326,0.6808323916802814
""
